symbol	Oncogene	TSG
A1CF	Yes	No
AAAS	No	No
AANAT	No	No
AARS1	No	No
AARS2	No	No
AASS	No	No
ABCA1	No	No
ABCA12	No	No
ABCA3	No	No
ABCA4	No	No
ABCB1	No	No
ABCB11	No	No
ABCB4	No	No
ABCB7	No	No
ABCC2	No	No
ABCC6	No	No
ABCC8	No	No
ABCC9	No	No
ABCD1	No	No
ABCD1P4	No	No
ABI1	No	No
ABL1	No	No
ACAD8	No	No
ACAD9	No	No
ACADM	No	No
ACADS	No	No
ACADSB	No	No
ACADVL	No	No
ACE	No	No
ACOX1	No	No
ACSL3	No	No
ACSL4	No	No
ACSL6	No	No
ACTA1	No	No
ACTA2	No	No
ACTB	No	No
ACTC1	No	No
ACTN2	No	No
ACTN4	No	No
ACVR1	No	No
ACVR1B	No	No
ACVRL1	No	No
ACY1	No	No
ADAM33	No	No
ADAM9	No	No
ADAMTS10	No	No
ADAMTS13	No	No
ADAMTS2	No	No
ADAMTSL4	No	No
ADGB	No	No
ADGRG1	No	No
ADGRG4	No	No
ADGRV1	No	No
ADIPOQ	No	No
ADRA1B	No	No
AFF1	No	No
AFF2	No	No
AFF3	No	No
AFF4	No	No
AFG3L2	No	No
AGA	No	No
AGBL3	No	No
AGGF1	No	No
AGL	No	No
AGO2	No	No
AGPAT2	No	No
AGPS	No	No
AGRP	No	No
AGT	No	No
AGTR1	No	No
AGTR2	No	No
AGXT	No	No
AICDA	No	No
AIFM1	No	No
AIP	No	No
AIPL1	No	No
AIRE	No	No
AK1	No	No
AK2	No	No
AKAP10	No	No
AKAP9	No	No
AKT1	No	No
AKT2	No	No
AKT3	Yes	No
ALAD	No	No
ALAS2	No	No
ALB	No	No
ALDH2	No	No
ALDH3A2	No	No
ALDOB	No	No
ALG1	No	No
ALG11	No	No
ALG12	No	No
ALG2	No	No
ALG3	No	No
ALG6	No	No
ALG8	No	No
ALG9	No	No
ALK	No	No
ALMS1	No	No
ALOX12B	No	No
ALOX5AP	No	No
ALOXE3	No	No
ALPL	No	No
ALS2	No	No
ALX4	No	No
AMELX	No	No
AMER1	No	No
AMH	No	No
AMHR2	No	No
AMN	No	No
AMT	No	No
ANG	No	No
ANGPTL3	No	No
ANK1	No	No
ANK2	No	No
ANKH	No	No
ANKRD1	No	No
ANKRD7	No	No
ANO10	No	No
ANO5	No	No
ANO6	No	No
ANOS1	No	No
ANTXR1	No	No
ANTXR2	No	No
AP1S2	No	No
AP3B1	No	No
AP4E1	No	No
AP4M1	No	No
AP5Z1	No	No
APC	No	No
APCDD1	No	No
APEH	No	No
APH1A	No	No
APOA1	No	No
APOA5	No	No
APOB	No	No
APOBEC3B	No	No
APOC2	No	No
APOE	No	No
APOL1	No	No
APP	No	No
APTX	No	No
AQP12B	No	No
AQP2	No	No
AR	No	No
ARAF	Yes	No
ARFGEF2	No	No
ARFRP1	No	No
ARG1	No	No
ARHGAP20	No	No
ARHGAP24	No	No
ARHGAP26	No	No
ARHGAP31	No	No
ARHGAP5	Yes	No
ARHGEF10	No	Yes
ARHGEF10L	No	Yes
ARHGEF6	No	No
ARID3C	No	No
ARID5A	No	No
ARID5B	No	No
ARL11	No	No
ARL6	No	No
ARMS2	No	No
ARNT	No	No
ARSA	No	No
ARSB	No	No
ARSL	No	No
ARX	No	No
ASAH1	No	No
ASCC1	No	No
ASL	No	No
ASMTL	No	No
ASPA	No	No
ASPM	No	No
ASPN	No	No
ASPSCR1	No	No
ASS1	No	No
ASXL1	No	No
ASXL2	No	Yes
ATCAY	No	No
ATF1	No	No
ATG16L1	No	No
ATG5	No	No
ATL1	No	No
ATM	No	No
ATN1	No	No
ATOH7	No	No
ATP10A	No	No
ATP13A2	No	No
ATP13A4	No	No
ATP1A1	No	No
ATP1A2	No	No
ATP1A3	No	No
ATP2A2	No	No
ATP2B3	No	No
ATP2C1	No	No
ATP6	No	No
ATP6AP1	No	No
ATP6AP2	No	No
ATP6V0A2	No	No
ATP6V0A4	No	No
ATP6V1B1	No	No
ATP7A	No	No
ATP7B	No	No
ATP8B1	No	No
ATRX	No	No
ATXN1	No	No
ATXN10	No	No
ATXN2	No	No
ATXN3	No	No
ATXN7	No	No
AVP	No	No
AVPR2	No	No
AXIN1	No	No
AXIN2	No	No
AXL	No	No
B2M	No	No
B3GNT2	No	No
B4GALT1	No	No
B4GALT7	No	No
BABAM1	No	No
BAG3	No	No
BANK1	No	No
BAP1	No	No
BAX	No	No
BAZ1A	No	Yes
BBS1	No	No
BBS10	No	No
BBS12	No	No
BBS2	No	No
BBS4	No	No
BBS5	No	No
BBS7	No	No
BBS9	No	No
BCKDHA	No	No
BCKDHB	No	No
BCL10	No	No
BCL11A	No	No
BCL11B	No	No
BCL2	No	No
BCL2L1	No	No
BCL2L12	Yes	No
BCL3	No	No
BCL6	No	No
BCL7A	No	No
BCL9L	No	No
BCLAF1	No	No
BCO1	No	No
BCOR	No	No
BCORL1	No	No
BCR	No	No
BDNF	No	No
BEAN1	No	No
BEST1	No	No
BIN1	No	No
BIRC3	No	No
BIRC6	Yes	No
BLK	No	No
BLM	No	No
BLNK	No	No
BLOC1S3	No	No
BLOC1S6	No	No
BLVRA	No	No
BMP15	No	No
BMP4	No	No
BMP5	No	No
BMPR1A	No	No
BMPR2	No	No
BRAF	No	No
BRCA1	No	No
BRCA2	No	No
BRCC3	No	No
BRIP1	No	No
BRWD3	No	No
BSCL2	No	No
BSN	No	No
BSND	No	No
BTBD9	No	No
BTD	No	No
BTG1	No	No
BTG2	No	Yes
BTK	No	No
BTLA	No	No
BTNL2	No	No
BUB1B	No	No
BUD13	No	No
C15orf65	No	No
C1QTNF5	No	No
C1orf141	No	No
C2orf16	No	No
C3	No	No
C4A	No	No
C4B	No	No
C4B_2	No	No
C6orf15	No	No
C6orf223	No	No
C7orf69	No	No
C9orf72	No	No
CA2	No	No
CA4	No	No
CACNA1A	No	No
CACNA1C	No	No
CACNA1F	No	No
CACNA1H	No	No
CACNA1S	No	No
CACNA2D4	No	No
CACNB2	No	No
CACNB4	No	No
CACNG2	No	No
CALR3	No	No
CAMK4	No	No
CAPN10	No	No
CAPN3	No	No
CARD9	No	No
CARM1	No	No
CARS1	No	No
CASK	No	No
CASP10	No	No
CASP3	No	Yes
CASP8	No	No
CASP9	No	Yes
CASR	No	No
CAT	No	No
CATSPER1	No	No
CATSPER2	No	No
CAV1	No	No
CAV3	No	No
CAVIN1	No	No
CAVIN4	No	No
CBFB	No	No
CBL	No	No
CBLC	No	No
CBS	No	No
CBX2	No	No
CC2D1A	No	No
CCDC121	No	No
CCDC122	No	No
CCDC39	No	No
CCDC40	No	No
CCDC6	No	No
CCHCR1	No	No
CCM2	No	No
CCNB1IP1	No	No
CCNC	No	Yes
CCND1	No	No
CCNY	No	No
CCR4	Yes	No
CCR5	No	No
CCR7	Yes	No
CCSER1	No	No
CCT5	No	No
CCT6B	No	No
CD19	No	No
CD209	No	No
CD22	No	No
CD24	No	No
CD247	No	No
CD28	Yes	No
CD2AP	No	No
CD36	No	No
CD40	No	No
CD40LG	No	No
CD46	No	No
CD74	No	No
CD79A	No	No
CD79B	No	No
CD81	No	No
CDAN1	No	No
CDC5L	No	No
CDC73	No	No
CDH1	No	No
CDH10	No	Yes
CDH15	No	No
CDH17	Yes	No
CDH23	No	No
CDH3	No	No
CDHR1	No	No
CDK4	No	No
CDKAL1	No	No
CDKL5	No	No
CDKN1A	Yes	Yes
CDKN1B	No	No
CDKN1C	No	No
CDKN2A	No	No
CDKN3	No	No
CDON	No	No
CDSN	No	No
CDX2	No	No
CEL	No	No
CENPA	No	No
CENPC	No	No
CEP290	No	No
CEP43	No	No
CEP72	No	No
CEP89	No	No
CERKL	No	No
CETP	No	No
CFAP126	No	No
CFB	No	No
CFC1	No	No
CFD	No	No
CFH	No	No
CFHR5	No	No
CFI	No	No
CFL2	No	No
CFTR	No	No
CGNL1	No	No
CHAT	No	No
CHCHD7	No	No
CHD2	No	Yes
CHD7	No	No
CHEK2	No	No
CHIC2	No	No
CHM	No	No
CHMP2B	No	No
CHN1	No	No
CHRNA1	No	No
CHRNA2	No	No
CHRNA4	No	No
CHRNB1	No	No
CHRNB2	No	No
CHRND	No	No
CHRNE	No	No
CHST11	Yes	No
CHST14	No	No
CHST3	No	No
CHST6	No	No
CIITA	No	No
CILK1	No	No
CILP	No	No
CISD2	No	No
CKS1B	No	No
CLCN1	No	No
CLCN2	No	No
CLCN5	No	No
CLCN7	No	No
CLCNKA	No	No
CLCNKB	No	No
CLEC7A	No	No
CLIP1	No	No
CLN3	No	No
CLN5	No	No
CLN6	No	No
CLN8	No	No
CLP1	No	No
CLRN1	No	No
CLTC	No	No
CLTCL1	No	No
CMC4	No	No
CNBD1	No	No
CNBP	No	No
CNGA1	No	No
CNGA3	No	No
CNGB1	No	No
CNGB3	No	No
CNNM4	No	No
CNOT3	No	No
CNTNAP2	No	Yes
CNTNAP5	No	No
CNTRL	No	No
COA1	No	No
COA5	No	No
COG1	No	No
COG4	No	No
COG5	No	No
COG6	No	No
COG7	No	No
COG8	No	No
COL11A2	No	No
COL17A1	No	No
COL18A1	No	No
COL1A1	No	No
COL1A2	No	No
COL2A1	No	No
COL3A1	No	No
COL4A1	No	No
COL4A3	No	No
COL4A4	No	No
COL4A5	No	No
COL5A1	No	No
COL5A2	No	No
COL6A1	No	No
COL6A2	No	No
COL6A3	No	No
COL6A5	No	No
COL7A1	No	No
COL8A2	No	No
COL9A1	No	No
COL9A2	No	No
COL9A3	No	No
COLQ	No	No
COMP	No	No
COQ8A	No	No
COX1	No	No
COX10	No	No
COX15	No	No
COX2	No	No
COX3	No	No
COX4I2	No	No
COX6B1	No	No
COX6C	No	No
CPA6	No	No
CPEB3	No	Yes
CPOX	No	No
CPS1	No	No
CR2	No	No
CRB1	No	No
CRBN	No	No
CREB1	No	No
CREB3L1	No	No
CREB3L2	No	No
CREBBP	No	No
CRELD1	No	No
CREM	No	No
CRNKL1	No	No
CRTAP	No	No
CRTC3	No	No
CRX	No	No
CRYAA	No	No
CRYGC	No	No
CRYGD	No	No
CSDE1	No	No
CSF1	No	No
CSF1R	Yes	No
CSF2RA	No	No
CSMD3	No	Yes
CSNK1D	No	No
CSRP3	No	No
CST3	No	No
CSTB	No	No
CTC1	No	No
CTDP1	No	No
CTHRC1	No	No
CTLA4	No	No
CTNNA1	No	Yes
CTNNA2	Yes	No
CTNNB1	No	No
CTNND1	No	No
CTNND2	Yes	No
CTNS	No	No
CTSA	No	No
CTSC	No	No
CTSD	No	No
CTSK	No	No
CUBN	No	No
CUL3	No	Yes
CUL4B	No	No
CUX1	No	No
CX3CR1	No	No
CXCR1	No	No
CXCR2	No	No
CYB5A	No	No
CYB5R3	No	No
CYBB	No	No
CYCS	No	No
CYCSP42	No	No
CYLD	No	No
CYP11B1	No	No
CYP11B2	No	No
CYP17A1	No	No
CYP19A1	No	No
CYP1B1	No	No
CYP21A2	No	No
CYP24A1	No	No
CYP27A1	No	No
CYP27B1	No	No
CYP27C1	No	No
CYP2C8	No	No
CYP2R1	No	No
CYP4F22	No	No
CYP7B1	No	No
CYSLTR2	Yes	No
CYTB	No	No
DAB2	No	No
DAB2IP	No	No
DAGLA	No	No
DAP	No	No
DAZ1	No	No
DAZ2	No	No
DAZ3	No	No
DAZ4	No	No
DAZAP1	No	No
DBT	No	No
DCAF12L2	No	No
DCC	No	No
DCDC2	No	No
DCLRE1C	No	No
DCN	No	No
DCTN1	No	No
DCX	No	No
DDB2	No	No
DDIT3	No	No
DDR1	No	No
DDX10	No	No
DDX3Y	No	No
DDX6	No	No
DEK	No	No
DES	No	No
DGCR8	Yes	No
DHCR7	No	No
DHDDS	No	No
DHFR	No	No
DHFRP2	No	No
DHH	No	No
DHODH	No	No
DIAPH1	No	No
DIAPH2	No	No
DICER1	No	No
DIRC1	No	No
DKC1	No	No
DKK1	No	No
DKK2	No	No
DKK3	No	No
DKK4	No	No
DLD	No	No
DLEC1	No	No
DLG3	No	No
DLL3	No	No
DLX3	No	No
DMBT1	No	No
DMD	No	No
DMP1	No	No
DMPK	No	No
DNAAF1	No	No
DNAAF2	No	No
DNAAF4	No	No
DNAH11	No	No
DNAH5	No	No
DNAI1	No	No
DNAI2	No	No
DNAJB1	No	No
DNAJC19	No	No
DNAJC5	No	No
DNAL1	No	No
DNASE1	No	No
DNM2	No	No
DNMT1	No	No
DNMT3A	No	No
DNMT3B	No	No
DOCK8	No	No
DOK7	No	No
DOLK	No	No
DPAGT1	No	No
DPM1	No	No
DPP10	No	No
DPP4	No	No
DPP6	No	No
DPYD	No	No
DPYS	No	No
DRD2	No	No
DRD3	No	No
DROSHA	No	No
DSC2	No	No
DSG1	No	No
DSG2	No	No
DSG4	No	No
DSP	No	No
DSPP	No	No
DTNA	No	No
DTNBP1	No	No
DUOX2	No	No
DUOXA2	No	No
DUSP2	No	No
DUSP9	No	No
DYNC1H1	No	No
DYNC2H1	No	No
DYRK1A	No	No
DYSF	No	No
EBF1	No	No
EBP	No	No
ECM1	No	No
ECT2L	No	No
EDA	No	No
EDAR	No	No
EDARADD	No	No
EDIL3	No	No
EDN3	No	No
EDNRB	No	No
EED	No	Yes
EFEMP2	No	No
EFHC1	No	No
EGFR	No	No
EGLN1	No	No
EGR2	No	No
EHBP1	No	No
EHMT1	No	No
EIF1AX	No	No
EIF2AK3	No	No
EIF2B1	No	No
EIF2B2	No	No
EIF2B3	No	No
EIF2B4	No	No
EIF2B5	No	No
EIF3A	No	No
EIF3E	No	No
EIF4G1	No	No
ELAC2	No	No
ELANE	No	No
ELF3	No	Yes
ELF4	No	No
ELL	No	No
ELN	No	No
ELOC	No	No
ELOVL4	No	No
ELP1	No	No
ELP2	No	No
EMD	No	No
EML4	No	No
EMSY	No	No
EMX2	No	No
ENAM	No	No
ENG	No	No
ENPP1	No	No
EOMES	No	No
EP300	No	No
EPAS1	No	No
EPB41	No	No
EPB41L1	No	No
EPB42	No	No
EPCAM	No	No
EPHA3	No	No
EPHA4	No	No
EPHA5	No	No
EPHA7	No	No
EPHB2	No	No
EPM2A	No	No
EPO	No	No
EPOR	No	No
EPS15	No	No
ERAP1	No	No
ERBB2	No	No
ERC1	No	No
ERCC2	No	No
ERCC3	No	No
ERCC4	No	No
ERCC5	No	No
ERCC6	No	No
ERCC8	No	No
ERG	No	No
ESCO2	No	No
ETFA	No	No
ETFB	No	No
ETFDH	No	No
ETNK1	No	No
ETV1	No	No
ETV6	No	No
EVC	No	No
EVC2	No	No
EWSR1	No	No
EXOSC6	No	No
EXT1	No	No
EXT2	No	No
EYA1	No	No
EYA4	No	No
EYS	No	No
EZR	No	No
F10	No	No
F11	No	No
F12	No	No
F13A1	No	No
F13B	No	No
F2	No	No
F3	No	No
F5	No	No
F7	No	No
F8	No	No
F9	No	No
FA2H	No	No
FADD	No	No
FAF1	No	No
FAH	No	No
FAM131B	No	No
FAM135B	No	No
FAM161A	No	No
FAM47C	No	No
FAM83H	No	No
FANCA	No	No
FANCB	No	No
FANCC	No	No
FANCD2	No	No
FANCE	No	No
FANCG	No	No
FANCI	No	No
FANCL	No	No
FAS	No	No
FASLG	No	No
FAT3	No	No
FAT4	No	No
FBLN1	No	No
FBLN2	No	Yes
FBLN5	No	No
FBN1	No	No
FBP1	No	No
FBXO15	No	No
FBXO25	No	No
FBXO31	No	No
FBXO7	No	No
FBXW2	No	No
FBXW4	No	No
FCGR2A	No	No
FCGR2B	No	No
FCRL3	No	No
FCRL4	No	No
FECH	No	No
FEN1	No	Yes
FERMT3	No	No
FES	No	No
FEV	No	No
FGA	No	No
FGB	No	No
FGD1	No	No
FGD4	No	No
FGF12	No	No
FGF14	No	No
FGF20	No	No
FGF23	No	No
FGF8	No	No
FGF9	No	No
FGFR1	No	No
FGFR1OP	No	No
FGFR1OP2	No	No
FGFR2	No	No
FGFR3	No	No
FGG	No	No
FGGY	No	No
FH	No	No
FHIT	No	No
FHL1	No	No
FIG4	No	No
FIGLA	No	No
FIP1L1	No	No
FKBP10	No	No
FKBP9	No	No
FKRP	No	No
FKTN	No	No
FLCN	No	No
FLG	No	No
FLI1	No	No
FLII	No	No
FLNA	No	No
FLNB	No	No
FLNC	No	No
FLT1	No	No
FLT3	No	No
FLT4	No	No
FLVCR2	No	No
FLYWCH1	No	No
FMR1	No	No
FNBP1	No	No
FOXC2	No	No
FOXE3	No	No
FOXF1	No	No
FOXG1	No	No
FOXJ1	No	No
FOXL2	No	No
FOXO1	No	No
FOXO3	No	No
FOXO4	No	No
FOXP1	No	No
FOXP2	No	No
FOXP3	No	No
FOXR1	Yes	No
FRAS1	No	No
FREM2	No	No
FRMD7	No	No
FRYL	No	No
FRZB	No	No
FSCN2	No	No
FSHR	No	No
FSTL3	No	No
FTL	No	No
FTSJ1	No	No
FUCA1	No	No
FUS	No	No
FXN	No	No
FZD4	No	No
G6PC	No	No
G6PC3	No	No
G6PD	No	No
GAA	No	No
GABRA1	No	No
GABRB3	No	No
GABRD	No	No
GABRG2	No	No
GAD1	No	No
GADD45B	No	No
GALC	No	No
GALE	No	No
GALK1	No	No
GALNS	No	No
GALNT12	No	No
GALNT3	No	No
GALT	No	No
GAN	No	No
GAPDHP26	No	No
GARS1	No	No
GAS7	No	No
GATA1	No	No
GATA2	No	No
GATA4	No	No
GATD3A	No	No
GBA	No	No
GBE1	No	No
GCDH	No	No
GCH1	No	No
GCKR	No	No
GCLC	No	No
GCM2	No	No
GCSH	No	No
GDAP1	No	No
GDF1	No	No
GDF5	No	No
GDF6	No	No
GDI1	No	No
GDNF	No	No
GEN1	No	No
GFAP	No	No
GFER	No	No
GFM1	No	No
GGCX	No	No
GH1	No	No
GHR	No	No
GHRHR	No	No
GHSR	No	No
GID4	No	No
GIGYF2	No	No
GJA1	No	No
GJA3	No	No
GJA5	No	No
GJB1	No	No
GJB2	No	No
GJB3	No	No
GJB4	No	No
GJB6	No	No
GJC2	No	No
GLA	No	No
GLB1	No	No
GLDC	No	No
GLE1	No	No
GLI1	Yes	No
GLI2	No	No
GLI3	No	No
GLIS3	No	No
GLMN	No	No
GLRA1	No	No
GLRB	No	No
GLUD1	No	No
GM2A	No	No
GMPS	No	No
GNA12	No	No
GNAS	No	No
GNAT2	No	No
GNE	No	No
GNPAT	No	No
GNPTAB	No	No
GNPTG	No	No
GNRHR	No	No
GNS	No	No
GOLGA5	No	No
GOLPH3	No	No
GOPC	No	No
GOSR2	No	No
GOT1	No	No
GP1BB	No	No
GP9	No	No
GPC3	No	No
GPC5	No	Yes
GPD1L	No	No
GPHN	No	No
GPI	No	No
GPN1	No	No
GPR12	No	No
GPR143	No	No
GPR176	No	No
GPR35	No	No
GRHPR	No	No
GRIA3	No	No
GRIK2	No	No
GRIN1	No	No
GRIN2B	No	No
GRM3	Yes	No
GRN	No	No
GSDMB	No	No
GSK3B	No	No
GSN	No	No
GTF2H5	No	No
GTF2I	No	No
GTSE1	No	No
GUCA1A	No	No
GUCA1B	No	No
GUCY2D	No	No
GUSB	No	No
GYS1	No	No
GYS2	No	No
H1-2	No	No
H2AC11	No	No
H2AC16	No	No
H2AC6	No	No
H2BC11	No	No
H2BC12	No	No
H2BC17	No	No
H2BC4	No	No
H2BC5	No	No
H2BC8	No	No
H3-3B	No	No
H3-4	No	No
H3-5	No	No
H3C1	No	No
H3C10	No	No
H3C11	No	No
H3C12	No	No
H3C13	No	No
H3C14	No	No
H3C15	No	No
H3C2	No	No
H3C3	No	No
H3C4	No	No
H3C6	No	No
H3C7	No	No
H3C8	No	No
H3P6	No	No
H4C6	No	No
H4C9	No	No
HACE1	No	No
HADHA	No	No
HADHAP1	No	No
HAMP	No	No
HBA1	No	No
HBA2	No	No
HBB	No	No
HBG2	No	No
HCG22	No	No
HCG26	No	No
HCG27	No	No
HCG9	No	No
HCN4	No	No
HCP5	No	No
HCRT	No	No
HERPUD1	No	No
HESX1	No	No
HEXA	No	No
HEXB	No	No
HEY1	No	No
HFE	No	No
HGD	No	No
HGSNAT	No	No
HIP1	No	No
HJV	No	No
HK1	No	No
HLA-B	No	No
HLA-C	No	No
HLA-DQA1	No	No
HLA-DQA2	No	No
HLA-DQB1	No	No
HLA-DRA	No	No
HLA-DRB1	No	No
HLA-DRB5	No	No
HLA-DRB6	No	No
HLA-DRB9	No	No
HLA-G	No	No
HLA-S	No	No
HLA-X	No	No
HLCS	No	No
HLF	No	No
HMBS	No	No
HMCN1	No	No
HMGA2	No	No
HMGN2P46	No	No
HNF1A	No	No
HNF1B	No	No
HNF4A	No	No
HNRNPA2B1	No	No
HOGA1	No	No
HOOK3	No	No
HOXA1	No	No
HOXA11	No	No
HOXA13	No	No
HOXA3	No	No
HOXA9	No	No
HOXC11	No	No
HOXC13	No	No
HOXD10	No	No
HOXD11	No	No
HOXD13	No	No
HPD	No	No
HPGD	No	No
HPRT1	No	No
HPS1	No	No
HPS3	No	No
HPS4	No	No
HPS5	No	No
HPS6	No	No
HR	No	No
HRAS	No	No
HRG	No	No
HSD11B2	No	No
HSD17B10	No	No
HSD17B3	No	No
HSD17B4	No	No
HSD3B2	No	No
HSF4	No	No
HSP90AB1	No	No
HSPA5	No	No
HSPB1	No	No
HSPB3	No	No
HSPB8	No	No
HSPBAP1	No	No
HSPD1	No	No
HSPG2	No	No
HTRA1	No	No
HTRA2	No	No
HTT	No	No
HUWE1	No	No
HYAL1	No	No
ICOS	No	No
ICOSLG	No	No
ID3	No	Yes
IDH1	No	No
IDH3B	No	No
IDS	No	No
IDUA	No	No
IER3	No	No
IFIH1	No	No
IFITM4P	No	No
IFNAR1	No	No
IFNG	No	No
IFNGR1	No	No
IFNGR2	No	No
IGBP1	No	No
IGF1	No	No
IGF2	No	No
IGF2BP2	No	Yes
IGH	No	No
IGHMBP2	No	No
IGK	No	No
IGL	No	No
IGLL1	No	No
IKBKB	No	No
IKBKG	No	No
IKZF1	No	No
IKZF2	No	No
IL10	No	No
IL10RA	No	No
IL10RB	No	No
IL12B	No	No
IL12RB1	No	No
IL12RB2	No	No
IL13	No	No
IL17F	No	No
IL17RA	No	No
IL17REL	No	No
IL1R1	No	No
IL1R2	No	No
IL1RAPL1	No	No
IL1RN	No	No
IL2	No	No
IL21R	No	No
IL23R	No	No
IL2RA	No	No
IL2RG	No	No
IL4	No	No
IL6	No	No
IL7R	No	No
IMMP2L	No	No
IMPDH1	No	No
IMPG2	No	No
INAVA	No	No
INF2	No	No
ING1	No	No
ING3	No	No
INPP4A	No	No
INPP5D	No	No
INPPL1	No	No
INS	No	No
INSL3	No	No
INSR	No	No
IQSEC2	No	No
IRF1	No	No
IRF4	No	No
IRF5	No	No
IRF6	No	No
IRF8	No	No
IRGM	No	No
IRS1	No	No
IRS4	No	No
ISCU	No	No
ISX	No	No
ITCH	No	No
ITGA2B	No	No
ITGA6	No	No
ITGA7	No	No
ITGAM	No	No
ITGAV	No	No
ITGB2	No	No
ITGB3	No	No
ITGB4	No	No
ITK	No	No
ITM2B	No	No
ITPKC	No	No
ITPR1	No	No
IYD	No	No
JAG1	No	No
JAK2	No	No
JAZF1	No	No
JPH2	No	No
JUP	No	No
KALRN	No	No
KANK1	No	No
KARS1	No	No
KAT6A	No	No
KAT6B	No	No
KAT7	Yes	No
KBTBD13	No	No
KBTBD4	No	No
KCNA1	No	No
KCNA5	No	No
KCNC3	No	No
KCND2	No	No
KCNE1	No	No
KCNE2	No	No
KCNE3	No	No
KCNH2	No	No
KCNJ1	No	No
KCNJ13	No	No
KCNJ2	No	No
KCNJ5	No	No
KCNJ8	No	No
KCNK18	No	No
KCNMA1	No	No
KCNQ1	No	No
KCNQ2	No	No
KCNQ3	No	No
KCNV2	No	No
KCP	No	No
KCTD7	No	No
KDM2B	No	No
KDM4C	No	No
KDM5C	No	No
KDR	No	No
KDSR	No	No
KHDC3L	No	No
KIAA0319	No	No
KIAA1549	No	No
KIF1A	No	No
KIF1B	No	No
KIF21A	No	No
KIF21B	No	No
KIF5A	No	No
KIF5B	No	No
KIF7	No	No
KIRREL3	No	No
KISS1R	No	No
KIT	No	No
KITLG	No	No
KL	No	No
KLF1	No	No
KLF11	No	No
KLF6	No	No
KLHDC8B	No	No
KLHL7	No	No
KLK2	No	No
KLK4	No	No
KMT2A	No	No
KMT5A	No	No
KNG1	No	No
KNL1	No	No
KNSTRN	Yes	No
KPNA7	No	No
KPNB1	No	No
KRAS	No	No
KRIT1	No	No
KRT1	No	No
KRT10	No	No
KRT12	No	No
KRT13	No	No
KRT14	No	No
KRT16	No	No
KRT17	No	No
KRT18	No	No
KRT2	No	No
KRT3	No	No
KRT5	No	No
KRT6A	No	No
KRT6B	No	No
KRT74	No	No
KRT75	No	No
KRT8	No	No
KRT81	No	No
KRT83	No	No
KRT86	No	No
KRT9	No	No
KTN1	No	No
L1CAM	No	No
LACC1	No	No
LAMA3	No	No
LAMB2	No	No
LAMB3	No	No
LAMC2	No	No
LAMP2	No	No
LAMTOR2	No	No
LARGE1	No	No
LARP4B	No	Yes
LASP1	No	No
LBR	No	No
LCA5	No	No
LCAT	No	No
LCK	No	No
LCP1	No	No
LDB3	No	No
LDHA	No	No
LDLR	No	No
LDLRAP1	No	No
LEF1	No	No
LEMD3	No	No
LEP	No	No
LEPROTL1	No	Yes
LGI1	No	No
LHCGR	No	No
LHFPL6	No	No
LHX3	No	No
LHX4	No	No
LIFR	No	No
LIG4	No	No
LINC01235	No	No
LINC01548	No	No
LIPA	No	No
LIPC	No	No
LIPH	No	No
LIPI	No	No
LIPN	No	No
LITAF	No	No
LMAN1	No	No
LMBR1	No	No
LMNA	No	No
LMNB2	No	No
LMO1	No	No
LMO2	No	No
LMX1B	No	No
LNP1	No	No
LOC353007	No	No
LOC353010	No	No
LOC400867	No	No
LOR	No	No
LOX	No	No
LOXL1	No	No
LPAR6	No	No
LPIN1	No	No
LPL	No	No
LPP	No	No
LRAT	No	No
LRATD2	No	No
LRIG3	No	No
LRP5	No	No
LRP6	No	No
LRP8	No	No
LRPPRC	No	No
LRRC32	No	No
LRRC8A	No	No
LRRK2	No	No
LSM14A	No	No
LSP1	No	No
LTA	No	No
LTA4H	No	No
LTBR	No	No
LYL1	No	No
LYN	Yes	No
LYST	No	No
LYZ	No	No
LZTS1	No	No
MACC1	Yes	No
MACROD1	No	No
MACROH2A1	No	No
MAD1L1	No	No
MAF	No	No
MAGEC2	No	No
MAGED1	No	No
MAGT1	No	No
MAK	No	No
MALAT1	Yes	Yes
MALRD1	No	No
MALT1	No	No
MAML2	No	No
MAN1B1	No	No
MAN2B1	No	No
MANBA	No	No
MAP2K3	No	No
MAP2K4	No	No
MAP3K1	No	No
MAP3K13	No	No
MAP3K6	No	No
MAP3K9	No	No
MAPK8IP1	No	No
MAPKAP1	No	No
MAPT	No	No
MASTL	No	No
MATN3	No	No
MATR3	No	No
MB21D2	No	No
MBD5	No	No
MBNL1	No	No
MC1R	No	No
MC4R	No	No
MCF2L2	No	No
MCFD2	No	No
MCOLN1	No	No
MDC1	No	No
MDS2	No	No
MECOM	No	No
MECP2	No	No
MED12	No	No
MED13L	No	No
MED23	No	No
MED25	No	No
MEF2A	No	No
MEF2C	No	No
MEFV	No	No
MEIS1	No	No
MELK	No	No
MEN1	No	No
MERTK	No	No
MET	No	No
MEX3C	No	No
MFAP4	No	No
MFHAS1	No	No
MFN2	No	No
MFRP	No	No
MFSD8	No	No
MGAT2	No	No
MGMT	No	Yes
MIA2	No	No
MIB1	No	No
MICA	No	No
MICB	No	No
MICE	No	No
MICU3	No	No
MID1	No	No
MIF	No	No
MIP	No	No
MITF	No	No
MKKS	No	No
MKNK1	No	No
MKS1	No	No
MLC1	No	No
MLF1	No	No
MLH1	No	No
MLH3	No	No
MLLT1	No	No
MLLT10	No	No
MLLT11	No	No
MLLT3	No	No
MLLT6	No	No
MMP2	No	No
MMP20	No	No
MMP9	No	No
MN1	No	No
MNX1	No	No
MOG	No	No
MOGS	No	No
MPDU1	No	No
MPDZ	No	No
MPEG1	No	No
MPI	No	No
MPLKIP	No	No
MPZ	No	No
MREG	No	No
MRPL49P2	No	No
MRPS16	No	No
MRPS22	No	No
MRTFA	No	No
MS4A1	No	No
MSH2	No	No
MSH3	No	No
MSH6	No	No
MSI2	No	No
MSLN	No	No
MSMB	No	No
MSN	No	No
MSR1	No	No
MST1	No	No
MSTN	No	No
MSX1	No	No
MSX2	No	No
MTCP1	No	No
MTHFD1	No	No
MTHFR	No	No
MTM1	No	No
MTMR14	No	No
MTMR2	No	No
MTNR1B	No	No
MTR	No	No
MTRR	No	No
MTTP	No	No
MTUS1	No	No
MUC1	No	No
MUC16	Yes	No
MUC4	Yes	No
MUC6	No	No
MUC7	No	No
MUSK	No	No
MUTYH	No	No
MVK	No	No
MXI1	No	No
MYBPC3	No	No
MYC	No	No
MYCN	No	No
MYF6	No	No
MYH11	No	No
MYH2	No	No
MYH6	No	No
MYH7	No	No
MYH8	No	No
MYH9	No	No
MYL2	No	No
MYL3	No	No
MYLK	No	No
MYLK2	No	No
MYO18A	No	No
MYO1E	No	No
MYO6	No	No
MYO7A	No	No
MYO9B	No	No
MYOC	No	No
MYOT	No	No
MYOZ2	No	No
N4BP2	No	Yes
NACA	No	No
NAGA	No	No
NAGLU	No	No
NAV3	No	No
NBEA	No	No
NBEAL2	No	No
NBEAP1	No	No
NBN	No	No
NCF1	No	No
NCF2	No	No
NCF4	No	No
NCKIPSD	No	No
NCOA1	No	No
NCOA2	No	No
NCOA4	No	No
NCOR2	No	No
NCSTN	No	No
ND1	No	No
ND2	No	No
ND3	No	No
ND4	No	No
ND4L	No	No
ND5	No	No
ND6	No	No
NDE1	No	No
NDRG1	No	No
NDUFA13	No	No
NDUFS7	No	No
NDUFS8	No	No
NDUFV1	No	No
NEB	No	No
NECTIN1	No	No
NEFH	No	No
NEFL	No	No
NEGR1	No	No
NEK1	No	No
NETO1	No	No
NEU1	No	No
NEUROD1	No	No
NEUROG3	No	No
NEXN	No	No
NF1	No	No
NF2	No	No
NFIB	No	No
NFKB2	No	No
NFKBIA	No	No
NFKBIE	No	No
NFKBIL1	No	No
NGF	No	No
NHEJ1	No	No
NHLRC1	No	No
NHP2	No	No
NIN	No	No
NIPA1	No	No
NIPBL	No	No
NKAIN2	No	No
NKX2-1	No	No
NKX2-3	No	No
NKX2-5	No	No
NKX2-6	No	No
NLGN4X	No	No
NLRP1	No	No
NLRP12	No	No
NLRP3	No	No
NLRP7	No	No
NME8	No	No
NOBOX	No	No
NOD1	No	No
NOD2	No	No
NODAL	No	No
NOG	No	No
NONO	No	No
NOP10	No	No
NOP56	No	No
NOTCH1	No	No
NOTCH2	No	No
NOTCH3	No	No
NPC1	No	No
NPC2	No	No
NPHP1	No	No
NPHS1	No	No
NPHS2	No	No
NPM1	No	No
NPPA	No	No
NR0B1	No	No
NR0B2	No	No
NR2E3	No	No
NR2F2	No	No
NR3C2	No	No
NR4A3	No	No
NR5A1	No	No
NRAD1	No	No
NRAS	No	No
NRIP1	No	No
NRL	No	No
NSD1	No	No
NSD2	No	No
NSD3	No	No
NSMF	No	No
NT5C3A	No	No
NTF4	No	No
NTHL1	No	Yes
NTRK1	No	No
NUMA1	No	No
NUP214	No	No
NUP62	No	No
NUP93	No	No
NUP98	No	No
NUTM1	No	No
NUTM2A	No	No
NUTM2B	No	No
NUTM2D	No	No
NXF5	No	No
NXPE1	No	No
NYX	No	No
OAT	No	No
OCA2	No	No
OCRL	No	No
OFD1	No	No
OGG1	No	No
OLIG1	No	No
OLIG2	No	No
OLIG3	No	No
OLR1	No	No
OMD	No	No
OPA1	No	No
OPA3	No	No
OPCML	No	No
OPHN1	No	No
OPN1LW	No	No
OPN1MW	No	No
OPN1MW2	No	No
OPN1SW	No	No
OPTN	No	No
OR7H2P	No	No
ORMDL3	No	No
OSBPL3	No	No
OSGIN2	No	No
OSMR	No	No
OSTM1	No	No
OTC	No	No
OTUD3	No	No
P3H1	No	No
PABPC1	Yes	Yes
PABPC1P9	No	No
PABPN1	No	No
PADI4	No	No
PAFAH1B1	No	No
PAFAH1B2	No	No
PAG1	No	No
PAH	No	No
PAK3	No	No
PALB2	No	No
PALLD	No	No
PANK2	No	No
PARD3B	No	No
PARK7	No	No
PARP2	No	No
PARP3	No	No
PASK	No	No
PATZ1	No	No
PAX2	No	No
PAX3	No	No
PAX4	No	No
PAX5	No	No
PAX6	No	No
PAX7	No	No
PAX8	No	No
PBRM1	No	No
PBX1	No	No
PC	No	No
PCARE	No	No
PCBD1	No	No
PCBP1	No	No
PCCA	No	No
PCCB	No	No
PCDH15	No	No
PCLO	No	No
PCM1	No	No
PCSK7	No	No
PCSK9	No	No
PDCD1	No	No
PDCD10	No	No
PDCD11	No	No
PDE4D	No	No
PDE4DIP	No	No
PDE6A	No	No
PDE6B	No	No
PDE6C	No	No
PDE6G	No	No
PDE6H	No	No
PDE8B	No	No
PDGFB	No	No
PDGFRA	No	No
PDGFRB	No	No
PDGFRL	No	No
PDHA1	No	No
PDHB	No	No
PDPK1	No	No
PDX1	No	No
PDYN	No	No
PDZD7	No	No
PEPD	No	No
PER1	No	No
PER2	No	No
PEX1	No	No
PEX10	No	No
PEX12	No	No
PEX13	No	No
PEX14	No	No
PEX16	No	No
PEX19	No	No
PEX2	No	No
PEX26	No	No
PEX3	No	No
PEX5	No	No
PEX6	No	No
PEX7	No	No
PFKM	No	No
PGAM2	No	No
PGM1	No	No
PHEX	No	No
PHF1	No	No
PHF23	No	No
PHF6	No	No
PHF8	No	No
PHKA1	No	No
PHKA2	No	No
PHKB	No	No
PHKG2	No	No
PHOX2B	No	No
PHYH	No	No
PICALM	No	No
PIGA	No	No
PIGV	No	No
PIK3C2G	No	No
PIK3C3	No	No
PIK3CA	No	No
PIK3R2	Yes	No
PIK3R3	No	No
PIKFYVE	No	No
PIM1	No	No
PINK1	No	No
PITPNM3	No	No
PITX1	No	No
PITX3	No	No
PKD1	No	No
PKD1L1	No	No
PKD2	No	No
PKDCC	No	No
PKHD1	No	No
PKP1	No	No
PKP2	No	No
PLA2G6	No	No
PLA2G7	No	No
PLAG1	No	No
PLCE1	No	No
PLEC	No	No
PLEKHG5	No	No
PLEKHM1	No	No
PLG	No	No
PLIN1	No	No
PLK2	No	No
PLN	No	No
PLOD1	No	No
PLOD2	No	No
PLP1	No	No
PML	No	No
PMM2	No	No
PMP22	No	No
PMS1	No	No
PMS2	No	No
PNKD	No	No
PNPLA2	No	No
PNPLA6	No	No
PNRC1	No	No
POF1B	No	No
POLG	No	Yes
POLG2	No	No
POLH	No	No
POLQ	No	No
POLR1C	No	No
POLR1D	No	No
POLR2A	No	No
POMC	No	No
POMGNT1	No	No
POMT1	No	No
POMT2	No	No
PON1	No	No
POR	No	No
PORCN	No	No
POU2AF1	No	No
POU3F4	No	No
POU5F1	No	No
POU6F2	No	No
PPARG	No	No
PPFIBP1	No	No
PPIB	No	No
PPOX	No	No
PPP1CB	No	No
PPP1R3A	No	No
PPP1R3B	No	No
PPP2R2B	No	No
PPP4R2	No	No
PPT1	No	No
PQBP1	No	No
PRCC	No	No
PRCD	No	No
PRDM1	No	No
PRDM14	No	No
PRDM16	No	No
PRDM2	No	Yes
PREX2	No	No
PRF1	No	No
PRICKLE1	No	No
PRICKLE2	No	No
PRKAG2	No	No
PRKAR1A	No	No
PRKCB	No	No
PRKCG	No	No
PRKCH	No	No
PRKD1	No	No
PRKG2	No	No
PRKN	No	No
PRKRA	No	No
PRNP	No	No
PROC	No	No
PROK2	No	No
PROKR2	No	No
PROM1	No	No
PROP1	No	No
PROS1	No	No
PROX1	No	No
PRPF3	No	No
PRPF31	No	No
PRPF40B	No	No
PRPF6	No	No
PRPF8	No	No
PRPH2	No	No
PRPS1	No	No
PRRT2	No	No
PRRX1	No	No
PRSS1	No	No
PRSS12	No	No
PRSS8	No	No
PRX	No	No
PRXL2B	No	No
PSAP	No	No
PSEN1	No	No
PSEN2	No	No
PSENEN	No	No
PSIP1	No	No
PSORS1C1	No	No
PSORS1C2	No	No
PSORS1C3	No	No
PTCH1	No	No
PTCH2	No	No
PTEN	No	No
PTF1A	No	No
PTGER4	No	No
PTH	No	No
PTH1R	No	No
PTK6	No	No
PTK7	No	No
PTP4A1	No	No
PTPN11	No	No
PTPN14	No	No
PTPN22	No	No
PTPN6	No	Yes
PTPRB	No	No
PTPRC	No	No
PTPRD	No	Yes
PTPRK	No	No
PTPRO	No	No
PUM1	No	No
PUS1	No	No
PUS10	No	No
PWWP2A	No	No
PYCR1	No	No
PYGL	No	No
PYGM	No	No
QDPR	No	No
QKI	No	No
RAB27A	No	No
RAB39B	No	No
RAB7A	No	No
RABEP1	No	No
RAD17	No	Yes
RAD21	No	No
RAD50	No	No
RAD51	Yes	No
RAD51B	No	No
RAD51C	No	No
RAD51D	No	No
RAD52	No	No
RAD54L	No	No
RAF1	No	No
RAG1	No	No
RAG2	No	No
RAI1	No	No
RALGDS	No	No
RALGPS2	No	No
RAP1B	Yes	No
RAP1GDS1	No	No
RAPSN	No	No
RARA	No	No
RASA1	No	No
RASGEF1A	No	No
RASGEF1B	No	No
RASGRP1	No	No
RAX2	No	No
RB1	No	No
RBM10	No	No
RBM15	No	No
RBM20	No	No
RCL1	No	No
RD3	No	No
RDH12	No	No
RECQL4	No	No
REEP1	No	No
RELN	No	No
REN	No	No
RERE	No	No
RET	No	No
RFT1	No	No
RFWD3	No	Yes
RFX5	No	No
RFXANK	No	No
RFXAP	No	No
RGPD3	No	No
RGR	No	No
RGS7	No	No
RHO	No	No
RHOH	No	No
RIMS1	No	No
RIPK2	No	No
RLBP1	No	No
RMI2	No	No
RNASEL	No	No
RNF139	No	No
RNF146	No	No
RNF186	No	No
RNF213	No	No
RNF217-AS1	No	No
RNF6	No	No
RNU7-2P	No	No
RNU7-31P	No	No
RNU7-34P	No	No
ROBO2	No	Yes
ROBO3	No	No
ROCK1	Yes	No
ROM1	No	No
ROR2	No	No
ROS1	No	No
RP1	No	No
RP2	No	No
RP9	No	No
RPE65	No	No
RPGR	No	No
RPGRIP1	No	No
RPL10	No	No
RPL11	No	No
RPL13AP14	No	No
RPL22	No	No
RPL23AP1	No	No
RPL23AP12	No	No
RPL23P4	No	No
RPL28P4	No	No
RPL30P9	No	No
RPL31P10	No	No
RPL31P13	No	No
RPL35A	No	No
RPL35AP15	No	No
RPL35P3	No	No
RPL37AP1	No	No
RPL39P28	No	No
RPL3P11	No	No
RPL3P2	No	No
RPL5	No	No
RPL6P5	No	No
RPN1	No	No
RPS10	No	No
RPS14P1	No	No
RPS17	No	No
RPS19	No	No
RPS20P32	No	No
RPS23P3	No	No
RPS24	No	No
RPS26	No	No
RPS3AP42	No	No
RPS3AP46	No	No
RPS6KA3	No	No
RPS7	No	No
RRAS2	No	No
RRM2B	No	No
RS1	No	No
RSPH4A	No	No
RSPH9	No	No
RSPO1	No	No
RSPO2	No	No
RSPO3	No	No
RTEL1	No	No
RUNX1	No	No
RUNX1T1	No	No
RUNX2	No	No
RUNX3	No	No
RXFP2	No	No
RXRA	No	No
RYR1	No	No
RYR2	No	No
S100A7	No	No
S1PR2	No	No
SAA1	No	No
SAA2	No	No
SAG	No	No
SALL1	No	No
SALL4	No	No
SAMD9	No	No
SAMD9L	No	No
SAR1B	No	No
SART3	No	No
SATB2	No	No
SBDS	No	No
SBF2	No	No
SCAPER	No	No
SCARB2	No	No
SCN1A	No	No
SCN1B	No	No
SCN2A	No	No
SCN3B	No	No
SCN4A	No	No
SCN4B	No	No
SCN5A	No	No
SCN9A	No	No
SCNN1A	No	No
SCNN1B	No	No
SCNN1G	No	No
SCO1	No	No
SCO2	No	No
SDC4	No	No
SDHA	No	No
SDHAF2	No	No
SDHB	No	No
SDHC	No	No
SDHD	No	No
SEC23B	No	No
SEC31A	No	No
SEC63	No	No
SELENON	No	No
SELP	No	No
SEMA3C	No	No
SEMA4A	No	No
SEPT5	No	No
SEPT6	No	No
SEPT9	No	No
SEPTIN11	No	No
SEPTIN5	No	No
SEPTIN6	No	No
SEPTIN9	No	No
SERP2	No	No
SERPINA1	No	No
SERPINB4	No	No
SERPINC1	No	No
SERPINE1	No	No
SERPINF1	No	No
SERPING1	No	No
SERPINH1	No	No
SETD1B	No	Yes
SETD3	No	No
SETD4	No	No
SETD5	No	No
SETD6	No	No
SETD7	No	No
SETDB1	Yes	No
SETX	No	No
SFPQ	No	No
SFRP4	No	No
SFTPA1	No	No
SFTPA2	No	No
SFTPB	No	No
SFTPC	No	No
SGCA	No	No
SGCB	No	No
SGCD	No	No
SGCE	No	No
SGCG	No	No
SGK1	Yes	No
SGSH	No	No
SH2B3	No	No
SH2D1A	No	No
SH3BP2	No	No
SH3GL1	No	No
SH3TC2	No	No
SHH	No	No
SHROOM4	No	No
SHTN1	No	No
SIAE	No	No
SIK1	No	No
SIL1	No	No
SIRPA	No	Yes
SIX1	No	No
SIX2	Yes	No
SIX3	No	No
SIX5	No	No
SIX6	No	No
SKI	Yes	No
SLC11A2	No	No
SLC12A1	No	No
SLC12A3	No	No
SLC12A6	No	No
SLC16A2	No	No
SLC17A5	No	No
SLC19A2	No	No
SLC19A3	No	No
SLC1A2	No	No
SLC1A3	No	No
SLC22A18	No	No
SLC22A4	No	No
SLC25A13	No	No
SLC25A4	No	No
SLC26A2	No	No
SLC26A3	No	No
SLC26A4	No	No
SLC29A3	No	No
SLC2A1	No	No
SLC2A2	No	No
SLC2A4	No	No
SLC2A9	No	No
SLC33A1	No	No
SLC34A1	No	No
SLC34A2	No	No
SLC34A3	No	No
SLC35A1	No	No
SLC35C1	No	No
SLC37A4	No	No
SLC3A1	No	No
SLC40A1	No	No
SLC44A3	No	No
SLC45A2	No	No
SLC45A3	No	No
SLC49A4	No	No
SLC4A1	No	No
SLC4A11	No	No
SLC4A4	No	No
SLC52A1	No	No
SLC52A3	No	No
SLC5A2	No	No
SLC5A5	No	No
SLC6A19	No	No
SLC6A2	No	No
SLC6A8	No	No
SLC7A9	No	No
SLC9A3	No	No
SLC9A6	No	No
SLIT2	No	No
SLITRK1	No	No
SLURP1	No	No
SMAD1	No	No
SMAD3	No	No
SMAD4	No	No
SMAD7	No	No
SMAD9	No	No
SMARCA4	No	No
SMARCB1	No	No
SMARCD1	No	Yes
SMC1A	No	Yes
SMC3	No	No
SMN1	No	No
SMN2	No	No
SMOC1	No	No
SMPD1	No	No
SMS	No	No
SMURF1	No	No
SNAI2	No	No
SNCA	No	No
SNCAIP	No	No
SND1	No	No
SNORA47	No	No
SNRNP200	No	No
SNTA1	No	No
SNX20	No	No
SNX29	No	No
SOCS2	No	No
SOD1	No	No
SOD2	No	No
SOS1	No	No
SOST	No	No
SOX10	No	No
SOX2	No	No
SOX21	No	Yes
SOX3	No	No
SOX9	No	No
SP110	No	No
SP7	No	No
SPANXN4	No	No
SPART	No	No
SPAST	No	No
SPATA7	No	No
SPECC1	No	No
SPG11	No	No
SPG21	No	No
SPG7	No	No
SPINK1	No	No
SPINK5	No	No
SPINT2	No	No
SPTA1	No	No
SPTB	No	No
SPTBN2	No	No
SPTLC1	No	No
SPTLC2	No	No
SQSTM1	No	No
SRD5A2	No	No
SRGAP3	No	No
SRPX2	No	No
SRSF2	No	No
SRSF3	No	No
SRY	No	No
SS18	No	No
SS18L1	No	No
SSBP2	No	No
SSX1	No	No
SSX2	No	No
SSX2B	No	No
SSX4	No	No
ST13P1	No	No
ST13P12	No	No
ST3GAL3	No	No
ST8SIA4	No	No
STAG1	No	Yes
STAR	No	No
STAT1	No	No
STAT2	No	No
STAT3	No	No
STAT4	No	No
STAT5B	No	No
STIL	No	No
STK10	No	No
STK11	No	No
STK40	No	No
STOX1	No	No
STRC	No	No
STRN	No	No
STS	No	No
STX11	No	No
STX16	No	No
STXBP2	No	No
SUB1	No	No
SUFU	No	No
SUGCT	No	No
SUMF1	No	No
SUMO2P1	No	No
SURF1	No	No
SUZ12	No	No
SYF2	No	No
SYNE1	No	No
SYNE2	No	No
SYNGAP1	No	No
SYP	No	No
SYT14	No	No
SZT2	No	No
TACO1	No	No
TAF1	No	No
TAF15	No	No
TAL1	No	No
TAL2	No	No
TAP1	No	No
TAP2	No	No
TARDBP	No	No
TAT	No	No
TAZ	No	No
TBC1D24	No	No
TBKBP1	No	No
TBL1XR1	No	No
TBP	No	No
TBX1	No	No
TBX20	No	No
TBX21	No	No
TBX22	No	No
TBX3	No	No
TBX4	No	No
TBXT	No	No
TCAP	No	No
TCEA1	No	No
TCF12	No	No
TCF3	No	No
TCF7L2	No	No
TCIRG1	No	No
TCL1A	No	No
TCOF1	No	No
TCTA	No	No
TDP1	No	No
TEC	Yes	No
TECR	No	No
TEK	No	No
TERC	No	No
TERT	No	No
TET1	No	No
TET2	No	No
TFAP2A	No	No
TFAP2B	No	No
TFE3	No	No
TFEB	No	No
TFG	No	No
TFPT	No	No
TFR2	No	No
TFRC	No	No
TG	No	No
TGFB1	No	No
TGFBI	No	No
TGFBR1	No	No
TGFBR2	No	No
TGIF1	No	No
TGM1	No	No
TGM6	No	No
TH	No	No
THAP1	No	No
THBD	No	No
THBS2	No	No
THPO	No	No
THRAP3	No	No
THRB	No	No
TIMP3	No	No
TINF2	No	No
TIPARP	No	No
TLE1	No	No
TLE2	No	No
TLE3	No	No
TLE4	No	No
TLL1	No	No
TLL2	No	No
TLR3	No	No
TLR4	No	No
TLR5	No	No
TLX1	No	No
TMC6	No	No
TMC8	No	No
TMEM106B	No	No
TMEM126A	No	No
TMEM127	No	No
TMEM167A	No	No
TMEM17	No	No
TMEM30A	No	No
TMEM43	No	No
TMEM67	No	No
TMPO	No	No
TMPRSS2	No	No
TMPRSS5	No	No
TMPRSS6	No	No
TMSB4X	Yes	No
TMSB4XP8	No	No
TNC	Yes	No
TNF	No	No
TNFAIP3	No	No
TNFRSF10B	No	No
TNFRSF11A	No	No
TNFRSF11B	No	No
TNFRSF13B	No	No
TNFRSF13C	No	No
TNFRSF14	No	No
TNFRSF17	No	No
TNFRSF1A	No	No
TNFRSF6B	No	No
TNFSF11	No	No
TNFSF15	No	No
TNFSF4	No	No
TNKS	No	No
TNNC1	No	No
TNNI3	No	No
TNNT1	No	No
TNNT2	No	No
TNRC18	No	No
TONSL	No	No
TOP1	No	No
TOPORS	No	No
TOR1A	No	No
TP53	No	No
TP53BP1	No	No
TP63	No	No
TPM1	No	No
TPM2	No	No
TPM3	No	No
TPM4	No	No
TPMT	No	No
TPP1	No	No
TPR	No	No
TRAF2	No	No
TRAF3IP2	No	No
TRAF7	No	No
TRAPPC2	No	No
TRAPPC9	No	No
TREM2	No	No
TREX1	No	No
TRIB1	No	No
TRIB2	No	No
TRIM24	No	No
TRIM27	No	No
TRIM32	No	No
TRIM33	No	No
TRIM37	No	No
TRIP11	No	No
TRPC6	No	No
TRPM6	No	No
TRPM7	No	No
TRPS1	No	No
TRPV4	No	No
TRRAP	No	No
TSC1	No	No
TSC2	No	No
TSHR	No	No
TSN	No	No
TSPAN7	No	No
TSPYL1	No	No
TTBK2	No	No
TTC21B	No	No
TTC8	No	No
TTL	No	No
TTN	No	No
TTPA	No	No
TTR	No	No
TUBA1A	No	No
TUBB2B	No	No
TULP1	No	No
TUSC3	No	No
TWIST1	No	No
TWIST2	No	No
TWNK	No	No
TYK2	No	No
TYMP	No	No
TYR	No	No
TYRO3	No	No
TYROBP	No	No
TYRP1	No	No
U2AF2	No	No
UBE2A	No	No
UBE3A	No	No
UBIAD1	No	No
UBQLN2	No	No
UCHL1	No	No
UCP3	No	No
UGT1A1	No	No
UGT1A4	No	No
UMOD	No	No
UNC119	No	No
UNC13D	No	No
UNC93B1	No	No
UNG	No	No
UPF1	No	No
UPF3B	No	No
UROD	No	No
UROS	No	No
USB1	No	No
USF1	No	No
USH1C	No	No
USH1G	No	No
USH2A	No	No
USP16	No	No
USP25	No	No
USP44	No	Yes
USP9X	No	No
USP9Y	No	No
UVRAG	No	No
VANGL1	No	No
VAPB	No	No
VAV1	No	No
VCL	No	No
VCP	No	No
VDR	No	No
VEGFA	No	No
VHL	No	No
VPS13A	No	No
VPS35	No	No
VRK1	No	No
VSX1	No	No
VSX2	No	No
VTCN1	No	No
VTI1A	No	No
VWF	No	No
WAS	No	No
WASF5P	No	No
WASHC5	No	No
WDCP	No	No
WDPCP	No	No
WDR11	No	No
WDR35	No	No
WDR36	No	No
WDR90	No	No
WFS1	No	No
WHRN	No	No
WNK1	No	No
WNK2	No	Yes
WNK4	No	No
WNT10A	No	No
WNT4	No	No
WNT5A	No	No
WNT7A	No	No
WRAP53	No	No
WRN	No	No
WSCD1	No	No
WT1	No	No
WWOX	No	No
XIAP	No	No
XK	No	No
XPA	No	No
XPC	No	No
XRCC3	No	No
YARS1	No	No
YPEL5	No	No
YWHAE	No	No
YY1AP1	No	No
ZBTB16	No	No
ZBTB40	No	No
ZCCHC8	No	No
ZDHHC15	No	No
ZDHHC2	No	No
ZDHHC9	No	No
ZEB1	Yes	No
ZFP57	No	No
ZFP90	No	No
ZFPM2	No	No
ZFYVE19	No	No
ZFYVE26	No	No
ZFYVE27	No	No
ZIC2	No	No
ZIC3	No	No
ZMYM2	No	No
ZMYM3	No	Yes
ZNF24	No	No
ZNF320	No	No
ZNF331	No	No
ZNF384	No	No
ZNF41	No	No
ZNF429	No	No
ZNF479	No	No
ZNF512	No	No
ZNF513	No	No
ZNF521	No	No
ZNF592	No	No
ZNF644	No	No
ZNF674	No	No
ZNF703	No	No
ZNF711	No	No
ZNF81	No	No
ZNRD1ASP	No	No
ZNRF3	No	Yes
ZPBP2	No	No
ZPR1	No	No
ZRSR2	No	No
